{
    "totalCols": 130.065050411423449,
    "totalColsEgldValue": 4.815279,
    "colsPrice": 0.1525309874085697,
    "egldPrice": 4.12,
    "calculatedAt": "2026-03-20T15:04:11-05:00"
}
